,City,Country,Lat,Lng,Max Temp,Humidity,Cloudiness,Wind Speed,Current Description
0,Kodiak,US,57.79,-152.4072,31.51,93,0,5.75,clear sky
1,Barrow,US,71.2906,-156.7887,-2.18,84,20,13.8,mist
2,Tukrah,LY,32.5341,20.5791,63.05,78,6,5.84,light rain
3,Yellowknife,CA,62.456,-114.3525,25.32,100,100,12.66,light snow
4,Kommunisticheskiy,RU,61.6789,64.4819,1.24,89,100,11.36,overcast clouds
5,Puerto Ayora,EC,-0.7393,-90.3518,69.55,85,54,1.99,broken clouds
6,Goedereede,NL,51.8175,3.9806,52.05,91,100,4.0,overcast clouds
7,Vaini,TO,-21.2,-175.2,77.16,94,40,9.22,drizzle
8,Roura,GF,4.7263,-52.3274,76.91,94,20,2.3,few clouds
9,Hasaki,JP,35.7333,140.8333,56.21,80,100,12.73,overcast clouds
10,Bluff,NZ,-46.6,168.3333,64.9,60,100,6.71,overcast clouds
11,Sambava,MG,-14.2667,50.1667,78.12,67,6,4.85,clear sky
12,Norman Wells,CA,65.282,-126.8329,19.44,86,75,19.57,light snow
13,Katsuyama,JP,36.0617,136.501,59.36,53,36,5.64,scattered clouds
14,Ushuaia,AR,-54.8,-68.3,47.86,81,0,4.61,clear sky
15,Vila Velha,BR,-20.3297,-40.2925,76.95,89,75,11.5,broken clouds
16,Albany,US,42.6001,-73.9662,28.53,81,28,3.65,scattered clouds
17,Rikitea,PF,-23.1203,-134.9692,74.34,84,100,13.47,overcast clouds
18,San Patricio,US,28.017,-97.5169,58.86,83,46,13.06,scattered clouds
19,Belluru,IN,12.9911,76.7444,74.86,73,73,9.06,broken clouds
20,Ravar,IR,31.2656,56.8055,59.58,39,0,2.42,clear sky
21,Clyde River,CA,70.4692,-68.5914,-1.97,78,0,17.27,clear sky
22,Ponta Do Sol,PT,32.6667,-17.1,66.83,69,93,2.71,overcast clouds
23,Qaanaaq,GL,77.484,-69.3632,-2.83,79,42,4.09,scattered clouds
24,Ternate,ID,0.8,127.4,85.37,68,41,6.11,scattered clouds
25,Lukow,PL,51.929,22.3796,39.92,90,56,5.14,broken clouds
26,Punta Arenas,CL,-53.15,-70.9167,50.11,66,75,9.22,broken clouds
27,Narsaq,GL,60.9167,-46.05,32.22,84,100,7.7,overcast clouds
28,Nikolskoye,RU,59.7035,30.7861,31.91,97,100,7.34,light snow
29,Marquette,US,46.5333,-87.6335,26.76,91,100,3.94,overcast clouds
30,Nioro,GM,13.35,-15.75,74.01,58,100,5.91,overcast clouds
31,Coahuayana,MX,18.7333,-103.6833,72.73,89,46,3.67,scattered clouds
32,Maceio,BR,-9.6658,-35.7353,74.64,94,40,3.44,scattered clouds
33,Ouricuri,BR,-7.8825,-40.0817,79.29,57,79,4.32,broken clouds
34,Bambous Virieux,MU,-20.3428,57.7575,78.22,47,40,10.36,scattered clouds
35,Hofn,IS,64.2539,-15.2082,46.17,95,100,16.98,light rain
36,Bunia,CD,1.5667,30.25,65.08,86,75,1.52,broken clouds
37,Chuy,UY,-33.6971,-53.4616,60.64,92,100,13.0,overcast clouds
38,Nanortalik,GL,60.1432,-45.2371,32.76,92,100,7.54,overcast clouds
39,Puerto Leguizamo,CO,-0.1934,-74.7819,72.97,96,100,1.99,overcast clouds
40,Sao Paulo De Olivenca,BR,-3.3783,-68.8725,73.38,99,95,1.25,overcast clouds
41,Upernavik,GL,72.7868,-56.1549,22.15,93,100,12.01,light snow
42,Hof,DE,50.3167,11.9167,43.5,86,1,5.44,clear sky
43,Laguna,US,38.421,-121.4238,50.09,82,0,0.0,clear sky
44,Nemuro,JP,43.3236,145.575,44.69,63,97,6.53,overcast clouds
45,Chernyshevskiy,RU,63.0128,112.4714,-15.23,94,11,0.87,few clouds
46,Talnakh,RU,69.4865,88.3972,-22.83,91,21,4.54,few clouds
47,Khatanga,RU,71.9667,102.5,-6.0,97,100,15.05,overcast clouds
48,Kokopo,PG,-4.352,152.2633,84.72,61,76,4.74,broken clouds
49,Mar Del Plata,AR,-38.0023,-57.5575,59.09,93,100,13.8,overcast clouds
50,Saint George,US,37.1041,-113.5841,41.25,53,0,10.36,clear sky
51,Sinnamary,GF,5.3833,-52.95,78.13,86,11,10.38,few clouds
52,Sao Filipe,CV,14.8961,-24.4956,74.61,75,100,10.49,overcast clouds
53,Haines Junction,CA,60.7522,-137.5108,33.75,93,100,0.0,overcast clouds
54,Cidreira,BR,-30.1811,-50.2056,64.04,74,1,11.81,clear sky
55,Necochea,AR,-38.5473,-58.7368,56.88,80,0,16.44,clear sky
56,Longyearbyen,SJ,78.2186,15.6401,24.64,80,20,20.71,few clouds
57,Ilulissat,GL,69.2167,-51.1,28.42,86,75,21.85,light shower snow
58,Butaritari,KI,3.0707,172.7902,80.89,80,30,9.6,scattered clouds
59,Mesyagutovo,RU,55.5303,58.2528,17.19,94,100,9.08,light snow
60,Teluknaga,ID,-6.0989,106.6381,87.84,70,40,10.36,heavy intensity rain
61,Hithadhoo,MV,-0.6,73.0833,81.54,77,86,13.51,overcast clouds
62,Kapaa,US,22.0752,-159.319,78.78,84,40,17.27,light rain
63,Tuatapere,NZ,-46.1333,167.6833,68.56,45,100,8.48,light rain
64,Steamboat Springs,US,40.485,-106.8317,22.55,87,100,0.0,overcast clouds
65,Valdivia,CL,-39.8142,-73.2459,53.69,100,84,1.36,broken clouds
66,Ojinaga,MX,29.5667,-104.4167,52.75,40,0,12.66,clear sky
67,Taltal,CL,-25.4,-70.4833,60.6,83,33,4.59,scattered clouds
68,Castro,BR,-24.7911,-50.0119,58.57,97,81,3.91,broken clouds
69,Dingle,PH,10.9995,122.6711,86.34,73,92,9.93,overcast clouds
70,Erenhot,CN,43.6475,111.9767,37.02,36,10,12.77,clear sky
71,Rondonopolis,BR,-16.4708,-54.6356,71.15,91,100,2.95,overcast clouds
72,Codrington,AU,-38.2667,141.9667,53.46,56,90,17.92,overcast clouds
73,Plonsk,PL,52.6235,20.3755,42.76,83,40,6.82,scattered clouds
74,Busselton,AU,-33.65,115.3333,71.4,42,0,9.37,clear sky
75,Georgetown,MY,5.4112,100.3354,84.13,78,40,5.75,light rain
76,Shakhtinsk,KZ,49.71,72.5872,32.9,87,100,27.6,overcast clouds
77,Ahmadpur East,PK,29.1431,71.2598,71.4,39,0,12.35,clear sky
78,Mayo,US,38.8876,-76.5119,40.95,80,0,4.0,clear sky
79,Daru,PG,-9.0763,143.2092,81.54,82,100,7.85,overcast clouds
80,San Alberto,CO,7.7611,-73.3922,73.74,93,73,2.95,broken clouds
81,Lebu,CL,-37.6167,-73.65,53.22,91,21,2.8,few clouds
82,Chulman,RU,56.8479,124.9104,5.14,86,100,3.83,overcast clouds
83,Severo-Kurilsk,RU,50.6789,156.125,35.44,81,96,34.61,light rain
84,Iracoubo,GF,5.4802,-53.2011,78.67,84,16,10.85,few clouds
85,Cherskiy,RU,68.75,161.3,-32.22,100,95,5.44,overcast clouds
86,Lompoc,US,34.6391,-120.4579,46.58,93,0,0.0,mist
87,Mataura,NZ,-46.1927,168.8643,70.02,58,99,2.3,overcast clouds
88,Nhulunbuy,AU,-12.2333,136.7667,92.01,52,75,10.36,broken clouds
89,Luau,AO,-10.7073,22.2247,64.9,89,100,2.42,overcast clouds
90,Cape Town,ZA,-33.9258,18.4232,63.91,88,40,10.36,scattered clouds
91,Aykhal,RU,66.0,111.5,-16.67,95,60,6.26,broken clouds
92,Ignatovka,RU,53.9479,47.6536,24.1,71,100,15.03,overcast clouds
93,Marystown,CA,47.1666,-55.1483,40.73,81,100,35.05,overcast clouds
94,Hermanus,ZA,-34.4187,19.2345,63.81,79,17,13.11,few clouds
95,Yerbogachen,RU,61.2767,108.0108,-8.07,86,9,5.84,clear sky
96,Arraial Do Cabo,BR,-22.9661,-42.0278,73.72,93,100,18.99,overcast clouds
97,Tasiilaq,GL,65.6145,-37.6368,33.96,97,100,4.32,overcast clouds
98,Maningrida,AU,-12.0667,134.2667,90.55,54,73,10.69,broken clouds
99,Beyneu,KZ,45.3167,55.2,34.66,69,70,17.94,broken clouds
100,Saint-Philippe,RE,-21.3585,55.7679,78.39,64,51,11.41,broken clouds
101,Iqaluit,CA,63.7506,-68.5145,8.33,85,100,16.11,light snow
102,Villa Carlos Paz,AR,-31.4241,-64.4978,63.39,78,0,1.01,clear sky
103,Husavik,IS,66.0449,-17.3389,42.82,89,100,7.02,overcast clouds
104,Hobart,AU,-42.8794,147.3294,48.06,87,75,20.71,broken clouds
105,Hilo,US,19.7297,-155.09,72.25,88,75,9.22,light rain
106,Tiznit,MA,29.5833,-9.5,65.86,25,1,6.2,clear sky
107,Mahebourg,MU,-20.4081,57.7,78.26,47,40,10.36,scattered clouds
108,Krasnoselkup,RU,65.7,82.4667,-13.16,93,63,10.74,broken clouds
109,Shenjiamen,CN,29.9576,122.298,57.34,71,100,11.25,overcast clouds
110,Carnarvon,AU,-24.8667,113.6333,84.18,43,0,14.7,clear sky
111,Svetlogorsk,BY,52.6333,29.7333,33.58,93,98,6.58,overcast clouds
112,Kovdor,RU,67.5662,30.4758,20.23,99,90,3.09,overcast clouds
113,Opuwo,NA,-18.0607,13.84,65.93,29,11,4.0,few clouds
114,Torbay,CA,47.6666,-52.7314,42.76,84,75,35.68,broken clouds
115,Port Alfred,ZA,-33.5906,26.891,70.18,77,56,3.0,broken clouds
116,Provost,CA,52.3501,-110.2683,12.65,100,91,3.71,overcast clouds
117,Khash,IR,28.2211,61.2158,59.43,37,32,3.78,scattered clouds
118,Touros,BR,-5.1989,-35.4608,77.54,78,40,10.89,scattered clouds
119,Leningradskiy,RU,69.3833,178.4167,-9.47,96,70,4.99,broken clouds
120,Bredasdorp,ZA,-34.5322,20.0403,62.83,72,25,12.53,scattered clouds
121,Boa Vista,BR,2.8197,-60.6733,78.78,83,0,6.91,clear sky
122,Methven,NZ,-43.6333,171.65,62.91,64,47,6.89,scattered clouds
123,Anuchino,RU,43.9622,133.0544,33.19,60,41,6.98,scattered clouds
124,Port Elizabeth,ZA,-33.918,25.5701,64.69,88,0,11.5,clear sky
125,Norsup,VU,-16.0667,167.3833,83.46,68,17,2.08,few clouds
126,East London,ZA,-33.0153,27.9116,68.94,73,0,14.97,clear sky
127,Adrar,MR,20.5022,-10.0711,72.79,27,66,10.49,broken clouds
128,New Norfolk,AU,-42.7826,147.0587,47.7,84,100,5.01,moderate rain
129,Nelson Bay,AU,-32.7167,152.15,75.09,64,80,10.0,broken clouds
130,Namatanai,PG,-3.6667,152.4333,83.68,68,96,12.8,overcast clouds
131,Victoria,HK,22.2855,114.1577,82.45,79,93,11.01,overcast clouds
132,Katsuura,JP,35.1333,140.3,57.45,86,100,16.78,overcast clouds
133,San Policarpo,PH,12.1791,125.5072,82.15,85,100,10.47,moderate rain
134,Ahipara,NZ,-35.1667,173.1667,63.79,87,100,9.15,overcast clouds
135,San Carlos De Bariloche,AR,-41.1456,-71.3082,46.0,95,84,6.53,broken clouds
136,Chokurdakh,RU,70.6333,147.9167,-17.55,99,100,9.15,overcast clouds
137,Meadow Lake,US,34.8014,-106.5436,39.11,53,0,5.21,clear sky
138,Dikson,RU,73.5069,80.5464,6.87,95,100,14.16,light snow
139,Kjopsvik,NO,68.097,16.3742,30.07,75,13,6.73,few clouds
140,Constitucion,CL,-35.3333,-72.4167,57.45,81,2,9.26,clear sky
141,Santa Marta,CO,11.2408,-74.199,80.89,78,20,3.44,few clouds
142,Natal,BR,-5.795,-35.2094,77.65,78,20,8.05,few clouds
143,Oksovskiy,RU,62.6062,39.8984,24.3,98,87,0.85,overcast clouds
144,Bagdarin,RU,54.4333,113.6,24.98,62,36,8.5,scattered clouds
145,Shakiso,ET,5.75,38.9167,62.29,66,23,3.29,few clouds
146,Atuona,PF,-9.8,-139.0333,77.68,75,3,16.22,clear sky
147,Xinqing,CN,48.2333,129.5,28.63,53,91,6.64,overcast clouds
148,Haldia,IN,22.0605,88.1097,80.42,33,4,9.42,clear sky
149,Thompson,CA,55.7435,-97.8558,-3.84,84,0,0.0,clear sky
150,Saint-Leu,RE,-21.15,55.2833,77.86,63,12,9.26,few clouds
151,Dajal,PK,29.5577,70.3762,71.6,34,0,10.02,clear sky
152,Khandbari,NP,27.3747,87.2039,70.14,54,6,3.83,clear sky
153,Manaus,BR,-3.1019,-60.025,82.89,78,0,5.75,clear sky
154,Chapleau,CA,47.8405,-83.4034,21.24,88,100,4.12,overcast clouds
155,Soubre,CI,5.7856,-6.6083,71.17,99,68,1.28,broken clouds
156,Hamilton,US,39.1834,-84.5333,36.93,70,0,11.5,clear sky
157,Naze,JP,28.3667,129.4833,63.52,75,100,10.45,overcast clouds
158,Vanimo,PG,-2.6741,141.3028,75.76,95,100,1.68,overcast clouds
159,Lamar,US,33.6668,-95.5836,38.35,96,100,6.91,overcast clouds
160,Ancud,CL,-41.8697,-73.8203,54.45,96,100,14.47,light rain
161,Pevek,RU,69.7008,170.3133,-12.01,100,100,2.42,overcast clouds
162,Esperance,AU,-33.8667,121.9,64.65,52,77,10.11,broken clouds
163,Kavieng,PG,-2.5744,150.7967,84.43,73,86,12.71,light rain
164,Lokachi,UA,50.737,24.6494,40.75,93,80,6.51,broken clouds
165,Paramonga,PE,-10.6667,-77.8333,62.8,89,23,6.69,few clouds
166,Wooster,US,40.8051,-81.9351,34.68,85,20,6.91,few clouds
167,Mandalgovi,MN,45.7625,106.2708,36.32,26,2,11.63,clear sky
168,Margate,GB,51.3813,1.3862,54.3,85,100,8.99,overcast clouds
169,Geraldton,AU,-28.7667,114.6,91.81,15,0,19.57,clear sky
170,Bereda,ES,43.2686,-7.5406,56.41,100,100,10.89,light rain
171,Pelym,RU,61.0108,61.9978,0.63,89,97,12.46,overcast clouds
172,Faanui,PF,-16.4833,-151.75,78.91,78,87,3.6,overcast clouds
173,The Valley,AI,18.217,-63.0578,80.82,77,52,20.69,broken clouds
174,Pimentel,PE,-6.8367,-79.9342,62.29,86,16,9.98,few clouds
175,Chernyakhovsk,RU,54.6335,21.8156,38.75,94,65,5.12,broken clouds
176,Tautira,PF,-17.7333,-149.15,78.73,81,100,9.04,light rain
177,Kemise,ET,10.7167,39.8667,66.24,53,0,1.14,clear sky
178,Teacapan,MX,22.55,-105.75,69.55,81,60,5.01,broken clouds
179,Buala,SB,-8.145,159.5921,83.08,71,48,3.56,scattered clouds
180,Vaitape,PF,-16.5167,-151.75,78.87,78,86,3.69,overcast clouds
181,Henties Bay,NA,-22.116,14.2845,59.18,95,19,4.52,few clouds
182,Klaksvik,FO,62.2266,-6.589,49.12,86,100,34.09,overcast clouds
183,Fukue,JP,32.6881,128.8419,59.36,58,75,12.66,broken clouds
184,Mirabela,BR,-16.2628,-44.1644,66.72,98,100,4.12,light rain
185,Portland,US,45.5234,-122.6762,46.38,61,0,26.46,clear sky
186,Provideniya,RU,64.3833,-173.3,30.36,69,100,18.01,overcast clouds
187,Salalah,OM,17.0151,54.0924,84.29,37,0,0.0,clear sky
188,Fortuna,US,40.5982,-124.1573,41.34,97,0,8.05,clear sky
189,Vestmannaeyjar,IS,63.4427,-20.2734,45.43,84,100,10.25,overcast clouds
190,Ulladulla,AU,-35.35,150.4667,63.99,58,35,8.39,scattered clouds
191,Abrau-Dyurso,RU,44.69,37.59,33.26,77,10,6.15,clear sky
192,Vanderhoof,CA,54.0166,-124.0198,18.77,98,100,0.58,overcast clouds
193,Jamestown,US,42.097,-79.2353,35.19,87,100,3.44,overcast clouds
194,Luderitz,NA,-26.6481,15.1594,60.06,87,8,6.38,clear sky
195,Miramar,US,25.9873,-80.2323,81.0,78,0,9.22,clear sky
196,Narwar,IN,25.65,77.9,76.5,33,0,3.36,clear sky
197,Grindavik,IS,63.8424,-22.4338,41.47,93,0,11.5,clear sky
198,Marrakesh,MA,31.6315,-8.0083,60.87,44,40,4.61,scattered clouds
199,Bom Conselho,BR,-9.1697,-36.6797,67.42,87,27,7.36,scattered clouds
200,Jasper,US,37.2001,-94.3502,34.0,90,100,5.75,mist
201,Pacific Grove,US,36.6177,-121.9166,49.68,85,0,1.01,clear sky
202,Nizhniy Tsasuchey,RU,50.5167,115.1333,31.33,57,48,13.91,scattered clouds
203,Wenling,CN,28.3669,121.36,58.73,88,100,9.22,overcast clouds
204,Lavrentiya,RU,65.5833,-171.0,23.74,90,23,9.53,few clouds
205,Kloulklubed,PW,7.0419,134.2556,77.5,81,100,21.54,overcast clouds
206,Sorong,ID,-0.8833,131.25,85.75,69,85,5.14,overcast clouds
207,Oktyabrskoye,RU,43.0645,44.7417,37.54,86,75,2.24,broken clouds
208,Katherine,AU,-14.4667,132.2667,93.52,49,78,5.75,broken clouds
209,Kuybysheve,UA,47.358,36.6491,29.88,76,12,5.23,few clouds
210,Safford,US,32.834,-109.7076,53.11,41,0,5.75,clear sky
211,Saldanha,ZA,-33.0117,17.9442,59.05,80,13,5.46,few clouds
212,Enumclaw,US,47.2043,-121.9915,43.07,87,2,1.99,clear sky
213,Cairns,AU,-16.9167,145.7667,100.06,67,39,8.05,scattered clouds
214,Korampallam,IN,8.7667,78.1,86.29,66,40,13.8,haze
215,Ginda,IN,30.6945,78.4932,60.51,37,0,4.32,clear sky
216,Sayyan,YE,15.1718,44.3244,52.72,34,0,5.06,clear sky
217,Ningyang,CN,35.7642,116.7914,61.45,27,0,5.46,clear sky
218,Ribeira Grande,PT,38.5167,-28.7,59.77,85,62,4.0,broken clouds
219,Erdenet,MN,49.0333,104.0833,30.6,48,10,3.85,clear sky
220,Saskylakh,RU,71.9167,114.0833,-16.11,96,93,6.91,overcast clouds
221,Luanda,AO,-8.8368,13.2343,75.2,78,75,3.44,broken clouds
222,Lahij,YE,13.1667,44.5833,73.44,69,0,5.44,clear sky
223,Tuktoyaktuk,CA,69.4541,-133.0374,8.6,85,40,18.41,scattered clouds
224,Izhma,RU,65.0083,53.9113,-4.97,99,83,4.5,broken clouds
225,Pueblo,US,38.2545,-104.6091,33.75,60,100,3.44,overcast clouds
226,Port Lincoln,AU,-34.7333,135.8667,56.62,55,95,12.91,overcast clouds
227,Brae,GB,60.3964,-1.353,51.4,86,100,29.08,overcast clouds
228,Ixtapa,MX,20.7,-105.2,73.22,94,0,4.61,clear sky
229,Alexandria,EG,31.2156,29.9553,61.34,45,44,4.12,scattered clouds
230,Umm Kaddadah,SD,13.6017,26.6876,65.14,31,16,13.0,few clouds
231,Airai,TL,-8.9266,125.4092,74.19,63,75,2.42,broken clouds
232,Burgeo,CA,47.6167,-57.6152,37.38,76,89,30.71,overcast clouds
233,Lovozero,RU,68.005,35.0117,28.71,92,100,7.38,overcast clouds
234,Tazovskiy,RU,67.4667,78.7,-18.04,93,19,5.21,few clouds
235,Huanren,CN,41.2647,125.3667,44.08,49,9,1.61,clear sky
236,Ambikapur,IN,23.1167,83.2,74.84,35,0,7.05,clear sky
237,Zhigansk,RU,66.7697,123.3711,-30.5,100,44,2.42,scattered clouds
238,Piacabucu,BR,-10.4056,-36.4344,75.61,89,15,9.6,few clouds
239,Anadyr,RU,64.75,177.4833,32.5,74,0,20.13,clear sky
240,Taperoa,BR,-7.2075,-36.8267,71.51,82,81,9.37,broken clouds
241,Avarua,CK,-21.2078,-159.775,73.45,64,84,9.22,broken clouds
242,Sola,VU,-13.8833,167.55,83.07,79,1,0.0,clear sky
243,Biak,ID,-0.9131,122.8766,84.09,69,100,2.91,overcast clouds
244,Escanaba,US,45.7453,-87.0646,30.94,98,100,6.91,mist
245,Quelimane,MZ,-17.8786,36.8883,76.95,88,40,9.22,scattered clouds
246,Rockhampton,AU,-23.3833,150.5,94.89,36,0,4.61,clear sky
247,Santa Maria,BR,-29.6842,-53.8069,57.7,75,45,4.83,scattered clouds
248,Bengkulu,ID,-3.8004,102.2655,84.04,67,90,10.76,light rain
249,Pisco,PE,-13.7,-76.2167,66.25,77,100,3.44,overcast clouds
250,Viedma,AR,-40.8135,-62.9967,57.92,64,1,8.32,clear sky
251,Juegang,CN,32.3174,121.1855,63.99,33,1,4.03,clear sky
252,Lodwar,KE,3.1191,35.5973,83.86,49,93,12.8,light rain
253,Dawson Creek,CA,55.7666,-120.2362,20.84,79,0,2.3,clear sky
254,Vila Franca Do Campo,PT,37.7167,-25.4333,63.19,90,59,4.21,broken clouds
255,Tateyama,JP,34.9833,139.8667,57.52,83,98,12.95,overcast clouds
256,Adre,TD,13.4667,22.2,67.5,26,52,14.7,broken clouds
257,Najran,SA,17.4924,44.1277,66.85,32,0,2.66,clear sky
258,Turukhansk,RU,65.8167,87.9833,-6.5,80,59,11.21,broken clouds
259,Ishigaki,JP,24.3448,124.1572,78.93,65,75,6.91,broken clouds
260,Aklavik,CA,68.2191,-135.0107,14.07,85,100,14.29,overcast clouds
261,Puerto Del Rosario,ES,28.5004,-13.8627,69.55,78,0,8.05,clear sky
262,Matara,LK,5.9485,80.5353,84.42,65,100,5.5,overcast clouds
263,Santa Cruz De La Palma,ES,28.6835,-17.7642,76.14,73,0,8.05,clear sky
264,Buraydah,SA,26.326,43.975,66.65,23,43,14.25,scattered clouds
265,Cuiluan,CN,47.72,128.648,30.07,51,93,7.63,overcast clouds
266,Ust-Ishim,RU,57.6935,71.1665,26.19,92,99,8.61,overcast clouds
267,Lakes Entrance,AU,-37.8811,147.981,56.16,49,93,16.11,overcast clouds
268,Meulaboh,ID,4.1363,96.1285,77.88,87,100,4.54,overcast clouds
269,Voyvozh,RU,62.892,54.9635,4.89,97,100,5.44,overcast clouds
270,Yumen,CN,40.2833,97.2,44.37,18,100,22.06,overcast clouds
271,Rovaniemi,FI,66.5,25.7167,27.81,93,75,5.75,mist
272,Namibe,AO,-15.1961,12.1522,66.54,74,100,4.61,overcast clouds
273,Los Llanos De Aridane,ES,28.6585,-17.9182,72.12,24,0,8.05,clear sky
274,Ahuimanu,US,21.4447,-157.8378,78.51,75,20,6.91,few clouds
275,Bethel,US,41.3712,-73.414,32.65,75,0,3.44,clear sky
276,Pompeu,BR,-19.2244,-44.9353,65.07,95,100,4.23,moderate rain
277,Kharabali,RU,47.4196,47.2568,30.87,59,4,14.07,clear sky
278,Baykit,RU,61.67,96.37,-0.94,92,100,5.21,overcast clouds
279,Barabinsk,RU,55.3571,78.357,35.85,96,100,16.17,light rain
280,Povenets,RU,62.8487,34.8262,33.96,94,100,3.69,overcast clouds
281,Belawan,ID,3.7755,98.6832,84.49,87,100,1.61,overcast clouds
282,Faya,SA,18.3851,42.4509,59.11,62,0,0.25,clear sky
283,Labuhan,ID,-6.8844,112.2051,85.86,64,100,5.99,moderate rain
284,Tuy Hoa,VN,13.0833,109.3,81.03,83,81,9.98,broken clouds
285,Soyo,AO,-6.1349,12.3689,76.84,76,81,8.7,broken clouds
286,Broome,US,42.2506,-75.833,32.38,73,100,3.44,overcast clouds
287,Tiksi,RU,71.6872,128.8694,-10.55,91,100,12.15,overcast clouds
288,Itoman,JP,26.1247,127.6694,75.58,72,75,6.91,broken clouds
289,Eureka,US,40.8021,-124.1637,41.36,97,0,1.01,clear sky
290,Bandarbeyla,SO,9.4942,50.8122,80.53,66,18,14.65,few clouds
291,Waw,SS,7.7029,27.9953,78.82,31,73,5.61,broken clouds
292,Khon Kaen,TH,16.5,102.0833,87.67,54,48,4.5,scattered clouds
293,Morondava,MG,-20.2833,44.2833,81.5,70,12,2.86,few clouds
294,Surt,LY,31.2089,16.5887,65.26,56,0,5.86,clear sky
295,Sao Gabriel Da Cachoeira,BR,-0.1303,-67.0892,74.64,97,82,0.87,broken clouds
296,Seoul,KR,37.5683,126.9778,56.64,67,75,9.22,light rain
297,Auki,SB,-8.7676,160.7034,81.23,76,39,0.65,scattered clouds
298,Dryden,CA,49.7833,-92.7503,19.69,93,100,5.75,overcast clouds
299,Anchorage,US,61.2181,-149.9003,31.93,89,0,3.44,clear sky
300,Rawlins,US,41.7911,-107.2387,19.35,73,100,10.36,overcast clouds
301,Tortoli,IT,39.9256,9.6572,58.82,82,75,4.61,broken clouds
302,Kandrian,PG,-6.2167,149.55,85.37,68,51,3.69,light rain
303,Cervo,ES,43.6702,-7.4101,58.78,85,100,17.65,overcast clouds
304,Paamiut,GL,61.994,-49.6678,27.61,87,99,12.57,overcast clouds
305,Sitka,US,57.0531,-135.33,49.89,66,100,13.8,light rain
306,Vikhorevka,RU,56.1201,101.1636,33.39,95,100,4.74,light snow
307,Muravlenko,RU,63.7898,74.523,-8.32,93,99,17.36,overcast clouds
308,Tanout,NE,14.9709,8.8879,63.73,22,53,11.48,broken clouds
309,Asfi,MA,32.2994,-9.2372,67.68,55,99,3.56,overcast clouds
310,Manali,IN,13.1667,80.2667,84.29,66,95,12.88,overcast clouds
311,Souillac,MU,-20.5167,57.5167,77.38,47,40,10.36,scattered clouds
312,Port Hardy,CA,50.6996,-127.4199,39.38,100,100,3.44,fog
313,Nagyszenas,HU,46.6833,20.6667,45.54,66,15,3.04,few clouds
314,Bandipur,NP,27.9333,84.4167,68.22,50,0,3.04,clear sky
315,Teahupoo,PF,-17.8333,-149.2667,75.16,80,100,6.17,light rain
316,Hokitika,NZ,-42.7167,170.9667,62.15,76,100,6.67,overcast clouds
317,Raudeberg,NO,61.9875,5.1352,47.07,68,100,2.89,overcast clouds
318,Cabo San Lucas,MX,22.8909,-109.9124,72.61,79,14,4.32,few clouds
319,Bosaso,SO,11.2842,49.1816,78.78,73,0,5.75,clear sky
320,Tessalit,ML,20.1986,1.0114,71.22,19,100,7.36,overcast clouds
321,Mahuva,IN,21.0914,71.7622,85.75,40,1,8.93,clear sky
322,Bonavista,CA,48.6499,-53.1147,38.23,84,93,29.57,overcast clouds
323,Black Diamond,US,47.3087,-122.0032,43.52,83,3,4.7,clear sky
324,Wahiawa,US,21.5028,-158.0236,75.52,73,20,6.91,few clouds
325,Kalabo,ZM,-14.97,22.6814,70.41,81,100,6.98,overcast clouds
326,Suntar,RU,62.1444,117.6319,-15.66,93,35,1.03,scattered clouds
327,Rawson,AR,-43.3002,-65.1023,63.45,51,17,8.55,few clouds
328,Masvingo,ZW,-20.0637,30.8277,62.92,81,96,9.53,overcast clouds
329,Shingu,JP,33.7333,135.9833,64.24,47,52,5.41,broken clouds
330,Cayenne,GF,4.9333,-52.3333,77.04,94,20,2.3,few clouds
331,Havoysund,NO,70.9963,24.6622,41.23,72,100,28.48,overcast clouds
332,Harper,LR,4.375,-7.7169,77.14,84,93,5.08,overcast clouds
333,Cartagena,CO,10.3997,-75.5144,80.22,89,40,6.91,scattered clouds
334,Padang,ID,-0.9492,100.3543,77.05,81,98,5.5,moderate rain
335,Porto Novo,BJ,6.4965,2.6036,75.99,89,39,3.67,scattered clouds
336,Kozhva,RU,65.1073,57.0459,-2.69,95,89,4.79,overcast clouds
337,Stephenville,US,32.2207,-98.2023,40.93,83,100,11.5,overcast clouds
338,Kaitangata,NZ,-46.2817,169.8464,61.56,73,93,4.07,moderate rain
339,Gurupa,BR,-1.405,-51.64,73.4,95,49,3.31,scattered clouds
340,Kinna,SE,57.5073,12.6946,47.75,83,98,9.48,overcast clouds
341,Banjar,ID,-8.19,114.9675,85.75,74,100,1.57,overcast clouds
342,Hobyo,SO,5.3505,48.5268,83.16,61,25,15.17,scattered clouds
343,Moron,AR,-34.6534,-58.6198,65.95,70,0,4.36,clear sky
344,Deputatskiy,RU,69.3,139.9,-29.72,99,60,4.9,broken clouds
345,Kuldur,RU,49.2167,131.6333,23.92,79,89,5.39,overcast clouds
346,Asamankese,GH,5.8601,-0.6635,71.53,97,58,0.38,broken clouds
347,Wloszczowa,PL,50.8526,19.9659,42.4,76,22,5.88,few clouds
348,Paithan,IN,19.4833,75.3833,81.45,41,1,3.4,clear sky
349,Chinsali,ZM,-10.5414,32.0816,76.03,46,62,7.67,broken clouds
350,Alekseyevka,RU,50.6309,38.6903,29.32,67,20,4.45,few clouds
351,Matay,EG,28.419,30.7792,64.06,68,0,10.8,clear sky
352,Artesia,US,33.8658,-118.0831,61.34,67,0,0.0,clear sky
353,Amahai,ID,-3.3333,128.9167,86.52,66,77,6.82,broken clouds
354,Bam,IR,29.106,58.357,66.15,37,2,3.83,clear sky
355,Mount Isa,AU,-20.7333,139.5,89.37,20,6,11.5,clear sky
356,Nizwa,OM,22.9333,57.5333,81.39,31,0,3.2,clear sky
357,Marietta,US,33.9526,-84.5499,47.75,66,100,12.66,overcast clouds
358,Santiago Del Estero,AR,-27.7951,-64.2615,68.41,34,0,6.89,clear sky
359,Narrabri,AU,-30.3167,149.7833,76.51,51,69,3.0,broken clouds
360,Khandyga,RU,62.6667,135.6,-17.95,98,100,2.66,overcast clouds
361,Kikuchi,JP,32.9833,130.8167,62.92,63,75,4.61,broken clouds
362,Ostrovnoy,RU,68.0531,39.5131,27.95,80,78,4.9,broken clouds
363,Newport,GB,51.5877,-2.9984,55.45,90,100,27.0,moderate rain
364,Lerwick,GB,60.1545,-1.1494,51.8,86,100,31.25,overcast clouds
365,Yayva,RU,59.3303,57.2641,17.19,77,99,8.01,overcast clouds
366,Sao Joao Da Barra,BR,-21.6403,-41.0511,73.2,95,100,4.47,overcast clouds
367,Nsanje,MW,-16.92,35.262,74.52,86,98,5.28,overcast clouds
368,Saint-Georges,GD,12.0564,-61.7485,80.28,89,20,23.02,few clouds
369,Isla Mujeres,MX,21.2311,-86.731,78.85,78,21,10.42,few clouds
370,Zunyi,CN,27.6867,106.9072,54.86,79,99,3.27,overcast clouds
371,Port-Cartier,CA,50.0334,-66.8654,24.48,89,77,6.64,broken clouds
372,Ostrov,RU,57.3439,28.3537,33.53,93,99,7.81,overcast clouds
373,Avenal,US,36.0041,-120.129,40.77,55,2,4.05,clear sky
374,Sucua,EC,-2.4667,-78.1667,66.29,97,86,3.47,overcast clouds
375,Khani,GE,41.9563,42.9566,42.37,85,98,0.78,overcast clouds
376,Praia,CV,14.9215,-23.5087,73.94,73,0,8.05,clear sky
377,Balabac,PH,7.9868,117.0645,85.23,71,93,6.91,overcast clouds
378,Riohacha,CO,11.5444,-72.9072,75.99,92,94,7.61,overcast clouds
379,Tahoua,NE,14.8888,5.2692,67.98,22,0,6.91,clear sky
380,Asau,RO,46.4333,26.4,40.28,71,27,3.76,scattered clouds
381,Si Bun Ruang,TH,16.9667,102.2833,89.02,51,48,4.97,scattered clouds
382,Ardon,RU,43.17,44.29,40.19,73,97,4.5,overcast clouds
383,Vao,NC,-22.6667,167.4833,74.82,79,2,10.33,clear sky
384,Kahului,US,20.8947,-156.47,75.85,76,40,6.91,light rain
385,Dingzhou,CN,38.5131,114.9956,64.51,18,0,4.05,clear sky
386,Waipawa,NZ,-41.4122,175.5153,64.74,67,7,4.54,clear sky
387,Lata,PT,40.1629,-8.3327,61.81,93,100,9.64,overcast clouds
388,Hassleholm,SE,56.1591,13.7664,47.98,88,41,7.54,scattered clouds
389,Karasburg,NA,-28.0167,18.75,69.62,22,1,10.42,clear sky
390,Drumheller,CA,51.4617,-112.7101,22.84,85,53,1.14,broken clouds
391,Lorengau,PG,-2.0226,147.2712,84.72,68,84,1.12,broken clouds
392,Tarakan,ID,3.3,117.6333,78.3,94,40,3.44,scattered clouds
393,Dali,CN,25.7,100.1833,66.34,28,1,6.71,clear sky
394,Sai Buri,TH,6.7013,101.6168,83.91,89,100,7.45,overcast clouds
395,Grand Gaube,MU,-20.0064,57.6608,78.39,47,5,11.99,clear sky
396,La Ronge,CA,55.1001,-105.2842,21.45,93,100,3.44,mist
397,Caravelas,BR,-17.7125,-39.2481,75.36,90,100,9.22,overcast clouds
398,Ouesso,CG,1.6136,16.0517,71.33,96,100,0.65,overcast clouds
399,Meiktila,MM,20.8667,95.8667,84.49,45,20,7.85,few clouds
400,Vestmanna,FO,62.1564,-7.1664,47.32,93,100,28.77,overcast clouds
401,Komsomolskiy,UZ,40.4272,71.7189,50.72,57,98,4.61,overcast clouds
402,Palana,RU,59.1167,159.9667,26.91,82,96,27.36,overcast clouds
403,Taksimo,RU,56.3444,114.8794,17.6,83,92,1.41,overcast clouds
404,Balingasay,PH,16.3573,119.8564,86.5,64,52,5.37,broken clouds
405,Tromso,NO,69.6496,18.957,34.38,93,75,5.75,broken clouds
406,Kushiro,JP,42.975,144.3747,47.35,57,75,12.66,broken clouds
407,Brigantine,US,39.4101,-74.3646,42.01,77,17,6.24,few clouds
408,Devarkonda,IN,16.7,78.9333,80.67,51,12,5.32,few clouds
409,Hudson Bay,CA,52.85,-102.3842,-3.53,100,40,3.42,scattered clouds
410,Kismayo,SO,-0.3582,42.5454,82.85,68,75,6.91,broken clouds
411,Lensk,RU,60.7253,114.9278,-8.82,90,13,4.52,few clouds
412,Hounde,BF,11.5,-3.5167,72.03,28,3,6.11,clear sky
413,Northam,GB,51.0333,-4.2167,54.39,97,100,15.43,light rain
414,Severo-Yeniseyskiy,RU,60.3725,93.0408,7.36,95,100,4.79,light snow
415,Shimoda,JP,34.6667,138.95,57.56,75,95,1.72,overcast clouds
416,Amuntai,ID,-2.4177,115.2494,84.31,70,100,2.59,overcast clouds
417,Boksitogorsk,RU,59.474,33.8485,30.6,97,100,6.53,light snow
418,Sokoto,NG,13.0609,5.239,66.61,23,79,9.71,broken clouds
419,Plouzane,FR,48.3833,-4.6167,57.38,97,100,24.16,light rain
420,Kemijarvi,FI,66.7131,27.4306,31.69,91,99,4.38,overcast clouds
421,Ponta Delgada,PT,37.7333,-25.6667,63.5,94,75,5.75,broken clouds
422,Taoudenni,ML,22.6783,-3.9836,72.5,17,85,8.75,overcast clouds
423,Noumea,NC,-22.2763,166.4572,82.38,68,1,8.88,clear sky
424,Kruisfontein,ZA,-34.0033,24.7314,78.89,36,77,14.2,broken clouds
425,Vostok,RU,46.4856,135.8833,24.15,62,15,4.65,few clouds
426,Aripuana,BR,-9.1667,-60.6333,73.65,86,92,1.25,overcast clouds
427,Coralville,US,41.6764,-91.5805,33.66,74,100,1.99,overcast clouds
428,Poum,NC,-20.2333,164.0167,77.52,77,16,9.93,few clouds
429,Khor,RU,47.8861,134.9464,31.33,37,13,8.72,few clouds
430,Vyartsilya,RU,62.1764,30.693,34.61,100,100,7.78,light snow
431,Pontalina,BR,-17.525,-49.4472,71.46,80,97,2.28,overcast clouds
432,Acapulco,MX,16.8634,-99.8901,80.42,83,40,4.61,scattered clouds
433,Coquimbo,CL,-29.9533,-71.3436,58.73,94,0,2.3,clear sky
434,Te Anau,NZ,-45.4167,167.7167,60.62,55,100,4.85,overcast clouds
435,Inirida,CO,3.8653,-67.9239,76.77,89,79,2.62,broken clouds
436,Ayorou,NE,14.7308,0.9174,71.31,16,3,11.41,clear sky
437,Gizo,SB,-8.103,156.8419,85.15,67,51,9.62,light rain
438,Cumbal,CO,0.9088,-77.7915,47.41,91,99,3.6,overcast clouds
439,Storforshei,NO,66.4043,14.5233,30.65,93,0,3.44,clear sky
440,Rocha,UY,-34.4833,-54.3333,63.52,64,99,15.26,overcast clouds
441,Beringovskiy,RU,63.05,179.3167,32.76,85,86,17.09,overcast clouds
442,Nogliki,RU,51.8333,143.1667,23.61,70,5,3.27,clear sky
443,Leh,IN,34.1667,77.5833,23.58,64,64,1.43,broken clouds
444,Comarapa,BO,-17.9,-64.4833,56.07,94,99,2.1,overcast clouds
445,Mount Darwin,ZW,-16.7725,31.5838,71.29,71,93,5.3,overcast clouds
446,Sabha,LY,27.0377,14.4283,58.17,46,3,5.79,clear sky
447,Kautokeino,NO,69.0125,23.0412,15.57,96,93,3.71,overcast clouds
448,Hualmay,PE,-11.0964,-77.6139,62.69,88,19,7.45,few clouds
449,Cabedelo,BR,-6.9811,-34.8339,75.87,81,51,8.48,broken clouds
450,Listvyanka,RU,51.8535,104.8693,37.89,54,95,1.14,overcast clouds
451,Hami,CN,42.8,93.45,47.08,27,47,6.55,scattered clouds
452,Tura,IN,25.5198,90.2201,77.07,56,0,2.46,clear sky
453,Jumla,NP,29.2747,82.1838,57.18,44,91,6.13,overcast clouds
454,Sampang,ID,-7.1872,113.2394,89.94,71,100,4.25,light rain
455,Berkakit,RU,56.5807,124.7681,4.17,90,100,4.16,overcast clouds
456,Iquique,CL,-20.2208,-70.1431,64.44,83,43,6.26,scattered clouds
457,Huaraz,PE,-9.5333,-77.5333,54.72,81,70,4.05,broken clouds
458,Brokopondo,SR,4.75,-55.1667,76.06,86,4,6.67,clear sky
459,Dauphin,CA,51.1494,-100.0502,15.94,92,100,8.05,overcast clouds
460,Lutz,US,28.1511,-82.4615,70.02,81,0,7.09,clear sky
461,Lufilufi,WS,-13.8745,-171.5986,74.98,73,100,21.41,light rain
462,Morro Bay,US,35.3658,-120.8499,49.12,73,1,2.71,clear sky
463,Bratca,RO,46.9333,22.6167,45.9,57,15,2.93,few clouds
464,Aldan,RU,58.6031,125.3894,-11.31,95,49,2.91,scattered clouds
465,Smithers,CA,54.7804,-127.1743,28.72,86,100,3.44,overcast clouds
466,Balkanabat,TM,39.5108,54.3671,54.43,47,73,2.64,broken clouds
467,Shache,CN,38.4167,77.2406,46.53,25,0,2.17,clear sky
468,Alofi,NU,-19.0595,-169.9187,75.09,100,100,10.36,overcast clouds
469,Shush,IR,32.1942,48.2436,72.32,24,62,2.42,broken clouds
470,Springbok,ZA,-29.6643,17.8865,61.39,43,10,5.46,clear sky
471,Xingyi,CN,24.1877,102.817,72.05,39,8,12.1,clear sky
472,Wamba,NG,8.9333,8.6,70.36,35,58,1.32,broken clouds
473,San Juan De Los Morros,VE,9.9115,-67.3538,69.75,95,41,3.22,scattered clouds
474,Aguililla,MX,18.7333,-102.7333,65.21,76,86,3.65,overcast clouds
475,Baie-Comeau,CA,49.2168,-68.1489,29.88,80,100,6.91,overcast clouds
476,Pimampiro,EC,0.4,-77.9667,57.87,89,85,2.48,overcast clouds
477,Lumsden,CA,50.6501,-104.8678,5.95,100,40,2.33,scattered clouds
478,Meridian,US,43.6121,-116.3915,28.9,87,0,1.99,clear sky
479,Cibitoke,BI,-2.8833,29.25,64.33,90,97,0.6,overcast clouds
480,Trairi,BR,-3.2778,-39.2689,78.66,76,81,11.21,broken clouds
481,Gravdal,NO,68.1214,13.5031,30.09,86,0,2.3,clear sky
482,Togur,RU,58.3631,82.8265,34.11,100,100,10.02,light snow
483,Damaturu,NG,11.747,11.9608,67.91,27,78,7.7,broken clouds
484,Kuandian,CN,40.7286,124.7847,44.47,48,15,3.53,few clouds
485,Kralendijk,BQ,12.15,-68.2667,82.38,83,40,10.36,scattered clouds
486,Nargana,PA,9.4428,-78.5906,78.84,84,94,3.47,overcast clouds
487,Vysokogornyy,RU,50.1167,139.15,20.08,71,22,4.76,few clouds
488,Atar,MR,20.5169,-13.0499,77.14,28,51,9.48,broken clouds
489,Naples,IT,40.8333,14.25,60.13,93,40,2.3,scattered clouds
490,Lewistown,US,40.5992,-77.5714,31.64,96,0,0.0,clear sky
491,Kilindoni,TZ,-7.9139,39.6668,80.31,74,12,6.69,few clouds
492,Virginia Beach,US,36.8529,-75.978,48.0,65,0,0.0,clear sky
493,Ko Samui,TH,9.5357,99.9357,76.91,100,100,10.36,heavy intensity rain
494,Westport,US,41.1415,-73.3579,38.75,69,0,6.91,clear sky
495,Gejiu,CN,23.306,103.1635,66.96,54,52,5.99,broken clouds
496,Birao,CF,10.2849,22.7882,72.54,25,24,9.55,few clouds
497,Ballina,AU,-28.8667,153.5667,80.78,64,1,11.01,clear sky
498,Leo,BF,11.1,-2.1,69.87,30,9,6.69,clear sky
499,Yulara,AU,-25.2406,130.9889,84.79,19,79,11.18,broken clouds
500,Kattivakkam,IN,13.2167,80.3167,84.29,67,94,12.77,overcast clouds
501,Camacha,PT,33.0833,-16.3333,63.82,82,20,4.61,few clouds
502,Isperih,BG,43.7167,26.8333,45.95,76,100,2.15,overcast clouds
503,Minot,US,48.2325,-101.2963,16.02,79,100,9.22,light snow
504,Ankazoabo,MG,-22.2833,44.5167,82.58,53,16,5.64,few clouds
505,Minnedosa,CA,50.2453,-99.8436,14.56,96,90,5.55,overcast clouds
506,Paveh,IR,35.0434,46.3565,47.12,44,1,2.57,clear sky
507,Sawakin,SD,19.1059,37.3321,85.51,60,10,10.07,clear sky
508,Kyzyl-Mazhalyk,RU,51.1333,90.6,17.02,89,100,1.45,overcast clouds
509,Mangan,IN,27.5167,88.5333,72.18,55,35,6.73,scattered clouds
510,Titron,IN,29.6681,77.3225,78.87,34,39,6.98,scattered clouds
511,Nikolayevsk-Na-Amure,RU,53.1406,140.73,18.57,92,8,2.55,clear sky
512,Valparaiso,CL,-33.0393,-71.6273,56.84,71,0,4.61,clear sky
513,Chumikan,RU,54.7183,135.315,20.55,76,65,15.64,broken clouds
514,Barra Patuca,HN,15.8,-84.2833,77.25,87,80,3.02,light rain
515,Pochutla,MX,15.7432,-96.4661,74.82,90,7,3.0,clear sky
516,Buckeye,US,33.3703,-112.5838,56.21,53,0,5.75,clear sky
517,Beloha,MG,-25.1667,45.05,84.92,52,58,5.44,light rain
518,Norden,DE,53.6,7.2,45.95,97,54,13.2,broken clouds
519,Mudgee,AU,-32.5943,149.5871,58.86,65,100,11.07,light rain
520,Mabaruma,GY,8.2,-59.7833,72.54,99,55,2.39,broken clouds
521,Sorland,NO,67.667,12.6934,42.66,71,4,20.83,clear sky
522,Lamu,KE,-2.2717,40.902,80.82,74,100,3.91,overcast clouds
523,Guerrero Negro,MX,27.9769,-114.0611,61.57,48,91,3.62,overcast clouds
524,Medicine Hat,CA,50.0501,-110.6683,13.19,92,0,4.61,clear sky
525,Nenjiang,CN,49.1833,125.2167,31.86,39,1,8.95,clear sky
526,Ivangorod,RU,59.3716,28.2162,38.93,94,100,10.11,light rain
527,Mount Gambier,AU,-37.8333,140.7667,54.21,51,81,11.65,broken clouds
528,Santona,ES,43.4439,-3.4576,67.06,65,100,6.11,light rain
529,Dunedin,NZ,-45.8742,170.5036,63.81,70,78,5.99,light rain
530,Nouakchott,MR,18.0858,-15.9785,67.93,58,3,11.5,clear sky
531,Leshukonskoye,RU,64.8989,45.7622,6.87,98,82,0.4,broken clouds
532,Mersing,MY,2.4312,103.8405,85.91,79,40,5.75,scattered clouds
533,Sitrah,BH,26.1547,50.6206,82.4,57,0,9.22,clear sky
534,Emba,KZ,48.8264,58.1442,25.18,68,100,23.02,overcast clouds
535,Luwuk,ID,-0.9516,122.7875,86.79,69,100,3.31,overcast clouds
536,Ondangwa,NA,-17.9167,15.95,69.8,28,49,8.05,scattered clouds
537,Maniitsoq,GL,65.4167,-52.9,24.6,85,97,10.16,overcast clouds
538,Chor,PK,25.5167,69.7667,85.08,35,0,8.88,clear sky
539,Borogontsy,RU,62.6683,131.1683,-28.91,99,70,2.64,broken clouds
540,Monrovia,LR,6.3005,-10.7969,77.38,83,100,4.52,light rain
541,Wajima,JP,37.4,136.9,59.68,67,75,9.22,broken clouds
542,Tadine,NC,-21.55,167.8833,77.27,72,4,9.46,clear sky
543,Sobolevo,RU,54.4299,31.8996,30.09,88,68,8.08,broken clouds
544,Cotonou,BJ,6.3654,2.4183,78.87,83,33,5.19,scattered clouds
545,Chunhuhub,MX,19.55,-88.6833,67.57,99,7,2.48,clear sky
546,Fairbanks,US,64.8378,-147.7164,26.94,89,100,9.22,light snow
547,Tommot,RU,58.9564,126.2925,-12.32,95,56,0.63,broken clouds
548,Ekhabi,RU,53.5102,142.9671,21.87,80,14,7.38,few clouds
549,Shugurovo,RU,54.5083,52.1326,22.24,81,100,15.7,overcast clouds
550,Oussouye,SN,12.485,-16.5469,73.58,76,98,6.73,overcast clouds
551,Lazaro Cardenas,MX,17.9583,-102.2,75.45,87,100,3.65,overcast clouds
552,Luang Prabang,LA,19.8856,102.1347,84.16,58,40,2.3,scattered clouds
553,Rio Claro,BR,-22.4114,-47.5614,69.15,75,73,0.87,broken clouds
554,Obernai,FR,48.4631,7.481,53.78,87,100,5.75,overcast clouds
555,Lasa,IT,46.6166,10.7002,40.08,80,35,1.5,scattered clouds
556,Ayamonte,ES,37.2099,-7.4027,64.36,91,92,8.52,overcast clouds
557,Bardiyah,LY,31.7561,25.0865,64.06,63,5,8.86,clear sky
558,Micheweni,TZ,-4.9667,39.8333,83.01,66,2,4.05,clear sky
559,Abalak,RU,58.1286,68.5944,17.82,90,100,10.87,overcast clouds
560,Macia,MZ,-25.0269,33.0989,75.79,56,1,8.46,clear sky
561,Manicore,BR,-5.8092,-61.3003,76.6,78,94,1.41,overcast clouds
562,Takoradi,GH,4.8845,-1.7554,78.03,83,74,5.77,broken clouds
